"Data Source","World Development Indicators",

"Last Updated Date","2016-04-11",

"Country Name","Country Code","Indicator Name","Indicator Code","1960","1961","1962","1963","1964","1965","1966","1967","1968","1969","1970","1971","1972","1973","1974","1975","1976","1977","1978","1979","1980","1981","1982","1983","1984","1985","1986","1987","1988","1989","1990","1991","1992","1993","1994","1995","1996","1997","1998","1999","2000","2001","2002","2003","2004","2005","2006","2007","2008","2009","2010","2011","2012","2013","2014","2015",
"Aruba","ABW","Government expenditure on education as % of GDP (%)","SE.XPD.TOTL.GD.ZS","","","","","","","","","","","","","","","","","","","","","","","","","","","","","","","","","","","","","","","4.76316","4.39554","4.71468","4.73949","4.92427","","4.4089","4.68076","","4.79918","4.91559","5.92467","6.71249","6.03687","","","","",
"Andorra","AND","Government expenditure on education as % of GDP (%)","SE.XPD.TOTL.GD.ZS","","","","","","","","","","","","","","","","","","","","","","","","","","","","","","","","","","","","","","3.71328","","","","","1.69684","","1.53254","1.60025","2.19399","2.07405","2.93457","3.16387","3.0658","3.15889","","2.46258","","",
"Afghanistan","AFG","Government expenditure on education as % of GDP (%)","SE.XPD.TOTL.GD.ZS","","","","","","","","","","","","1.16036","1.11718","1.42788","","1.30332","","","","1.73981","1.84093","1.90917","1.72998","","","","","","","","","","","","","","","","","","","","","","","","","","","","4.51116","4.08791","3.12561","4.57747","4.6191","",
"Angola","AGO","Government expenditure on education as % of GDP (%)","SE.XPD.TOTL.GD.ZS","","","","","","","","","","","","","","","","","","","","","","","","","","4.622","6.0545","6.1175","","","","","","","","","","","2.59149","","2.60753","","","","","2.7762","2.85969","","","","3.47644","","","","","",
"Albania","ALB","Government expenditure on education as % of GDP (%)","SE.XPD.TOTL.GD.ZS","","","","","","","","","","","","","","","","","","","","","","","","","","","","","","","","","","","3.26519","3.76471","3.27428","3.47532","3.30127","3.36038","3.23823","3.31589","3.04681","3.11557","3.10656","3.15439","3.10882","3.26868","","","","","","3.50083","","",
"Arab World","ARB","Government expenditure on education as % of GDP (%)","SE.XPD.TOTL.GD.ZS","","","","","","","","","","","","","","","","","","","","","","","","","","","","","","","","","","","","","","","","","","","","","","","","","","","","","","","","",
"United Arab Emirates","ARE","Government expenditure on education as % of GDP (%)","SE.XPD.TOTL.GD.ZS","","","","","","","","","","","","","","","","","","","","","","","","","","","","","","","","","","","","","","1.10944","","","","","","","","","","","","","","","","","","",
"Argentina","ARG","Government expenditure on education as % of GDP (%)","SE.XPD.TOTL.GD.ZS","","","","","","","","","","","1.45809","","1.9362","1.78052","1.92352","1.8436","1.16564","1.71984","1.93555","2.40028","2.60715","","1.59787","1.6175","2.56972","1.36186","1.26155","1.2823","","1.04612","1.06738","","","","","","3.73198","","4.03987","4.52168","4.58031","4.83374","4.01734","3.53505","3.15654","3.47405","3.65499","3.89635","4.33782","4.89","4.60637","4.98632","5.09905","5.3441","","",
"Armenia","ARM","Government expenditure on education as % of GDP (%)","SE.XPD.TOTL.GD.ZS","","","","","","","","","","","","","","","","","","","","","","","","","","","","","","","","","","","","","1.84843","","","2.23519","2.77273","2.46944","2.13504","2.14504","2.48673","2.71203","2.71577","3.01894","3.17273","3.84079","3.249","3.14385","3.27524","2.82555","2.39756","",
"American Samoa","ASM","Government expenditure on education as % of GDP (%)","SE.XPD.TOTL.GD.ZS","","","","","","","","","","","","","","","","","","","","","","","","","","","","","","","","","","","","","","","","","","","","","","","","","","","","","","","","",
"Antigua and Barbuda","ATG","Government expenditure on education as % of GDP (%)","SE.XPD.TOTL.GD.ZS","","","","","","","","","","","","","","","","","","","","","","","","","","","","","","","","","","","","","","","","3.23707","","","3.44539","","","","","","","2.55447","","","","","","",
"Australia","AUS","Government expenditure on education as % of GDP (%)","SE.XPD.TOTL.GD.ZS","","","","","","","","","","","","","","","","","","","6.0136","5.90194","5.65847","","5.48238","5.3744","","5.40571","5.28119","5.07005","4.91693","4.74656","4.67311","4.7922","4.68764","5.50915","5.24659","5.11983","5.22949","","","","4.89425","","","","","4.91079","4.74288","4.65902","4.63339","5.0942","5.57355","5.10608","4.90641","","","",
"Austria","AUT","Government expenditure on education as % of GDP (%)","SE.XPD.TOTL.GD.ZS","","","","","","","","","","","4.15718","4.2927","4.4609","4.52637","4.66719","5.14034","5.25031","4.96597","5.17225","5.05033","5.02107","5.38077","5.37594","5.31659","5.30726","5.31","5.51324","5.38909","5.20327","5.03029","4.96923","5.11554","5.30977","5.26468","","5.44146","5.27168","","6.1199","6.12533","5.59957","5.58635","5.53269","5.38187","5.32094","5.27148","5.25293","5.17663","5.29698","5.7674","5.7332","5.61861","5.45065","","","",
"Azerbaijan","AZE","Government expenditure on education as % of GDP (%)","SE.XPD.TOTL.GD.ZS","","","","","","","","","","","","","","","","","","","","","","","","","","","","","","","","","6.05797","","","3.33737","3.51252","","3.38","4.21217","3.85399","3.50342","3.15449","3.28615","3.44766","2.97462","2.55551","2.54928","2.44093","3.22431","2.78062","2.43564","2.0963","2.46218","","",
"Burundi","BDI","Government expenditure on education as % of GDP (%)","SE.XPD.TOTL.GD.ZS","","","","","","","","","","","","","","","","","","","","2.80336","","3.34676","","","","","","","","","3.35933","3.49366","3.80585","","4.56527","5.01511","4.08324","","","3.41745","2.64548","2.90391","3.00493","","3.74496","3.63169","","","5.19355","6.31979","6.79287","5.99779","5.82091","5.41475","","",
"Belgium","BEL","Government expenditure on education as % of GDP (%)","SE.XPD.TOTL.GD.ZS","","","","","","","","","","","","","","","","5.74095","5.70928","5.9661","5.41571","5.35993","5.29049","5.41469","5.29655","","","","4.83388","4.55976","4.2844","","","","","5.35193","5.39051","2.97732","3.03222","","","","","5.85421","5.95818","5.89272","5.81384","5.77514","5.82776","5.843","6.27367","6.39845","6.39667","6.36516","","","","",
"Benin","BEN","Government expenditure on education as % of GDP (%)","SE.XPD.TOTL.GD.ZS","","","","","","","","","","","","","","","","","","","","","","","","","","","","","","","","","","","","","","","2.74789","2.83867","3.14591","3.46637","3.21089","3.42565","3.91554","4.00211","3.82888","3.49798","4.08138","4.5508","5.34238","","5.26143","5.01267","4.7956","",
"Burkina Faso","BFA","Government expenditure on education as % of GDP (%)","SE.XPD.TOTL.GD.ZS","","","","","","","","","","","","","","","","","","","1.67983","","1.9618","","","1.75448","","1.76396","","","1.42608","","","","","","3.4511","","1.44026","","","","","","","","","4.4326","4.45703","4.58858","","","3.93896","4.48326","4.05353","4.52597","","",
"Bangladesh","BGD","Government expenditure on education as % of GDP (%)","SE.XPD.TOTL.GD.ZS","","","","","","","","","","","","","","","","","","","","1.13093","0.9376","1.0715","1.01164","1.03267","1.22303","1.27118","1.34349","1.51364","","","1.51912","1.42566","1.63177","1.69262","","","","1.95247","","2.13282","2.12508","2.17193","2.01715","2.06939","1.94014","","2.13129","2.20222","2.05457","1.93942","","","2.0458","1.96616","","",
"Bulgaria","BGR","Government expenditure on education as % of GDP (%)","SE.XPD.TOTL.GD.ZS","","","","","","","","","","","","","","","","","","","","","3.52948","","","","","","","","","","4.45406","5.42962","5.26046","4.95049","4.17066","3.44701","2.71204","","2.81427","","","3.35575","3.39842","4.00671","2.34126","4.18855","3.98817","3.7474","4.31128","4.43296","4.01754","3.66867","3.58936","","","",
"Bahrain","BHR","Government expenditure on education as % of GDP (%)","SE.XPD.TOTL.GD.ZS","","","","","","","","","","","","","","","","","","","","","","","","","","","","","","","","","","","","","","","","","","","","","","","2.87436","2.575","2.49678","","","","2.6447","","","",
"Bahamas, The","BHS","Government expenditure on education as % of GDP (%)","SE.XPD.TOTL.GD.ZS","","","","","","","","","","","","","","","","","","","","","","","","","","","","","","","","","","","","","","","","","2.84999","","","","","","","","","","","","","","","",
"Bosnia and Herzegovina","BIH","Government expenditure on education as % of GDP (%)","SE.XPD.TOTL.GD.ZS","","","","","","","","","","","","","","","","","","","","","","","","","","","","","","","","","","","","","","","","","","","","","","","","","","","","","","","","",
"Belarus","BLR","Government expenditure on education as % of GDP (%)","SE.XPD.TOTL.GD.ZS","","","","","","","","","","","","","","","","","","","","","","","","","","","","","","","","","","","","","","","","6.00001","6.19662","","","","5.71226","5.87103","6.07696","5.1521","","4.51672","5.41013","4.84382","5.12106","5.17594","4.98752","",
"Belize","BLZ","Government expenditure on education as % of GDP (%)","SE.XPD.TOTL.GD.ZS","","","","","","","","","","","","","","","","","","","","","","","","","","","","","","","","","","","","","","","","5.44439","5.02928","5.79918","","5.20613","5.2994","","","","5.68789","6.10014","6.621","","","6.21729","","",
"Bermuda","BMU","Government expenditure on education as % of GDP (%)","SE.XPD.TOTL.GD.ZS","","","","","","","","","","","","","","4.1079","","3.43442","","","","","","","","","","3.03449","","","","","3.1362","3.15065","3.47605","","","","","","2.15227","","","","","1.66627","1.77588","1.98877","","","","2.61519","2.64421","","","","1.78285","",
"Bolivia","BOL","Government expenditure on education as % of GDP (%)","SE.XPD.TOTL.GD.ZS","","","","","","","","","","","","","","","","","","","","","","","","","","","","","","","","","","","4.78421","5.60817","4.65741","","5.52301","5.65932","5.47342","5.89946","6.23031","6.37904","","","6.31361","","7.03973","8.0812","7.60011","6.89264","6.43691","","7.03755","",
"Brazil","BRA","Government expenditure on education as % of GDP (%)","SE.XPD.TOTL.GD.ZS","","","","","","","","","","","","","","","","","","","","","","","","","","","","","","","","","","","","4.47317","","","4.73948","3.78473","3.93814","3.84304","3.74435","","3.97255","4.47671","4.86989","4.97835","5.2727","5.47154","5.64737","5.73953","5.91432","","","",
"Barbados","BRB","Government expenditure on education as % of GDP (%)","SE.XPD.TOTL.GD.ZS","","","","","","","","","","","","5.63251","6.21866","6.15611","6.88994","","5.9451","6.51775","","","","","","","","","","","","","","6.60199","","","","","","","","4.25458","4.62159","5.9389","5.77131","6.1233","5.91066","5.56433","","5.11607","5.06121","5.32773","5.87482","","5.62441","5.50356","6.71179","",
"Brunei Darussalam","BRN","Government expenditure on education as % of GDP (%)","SE.XPD.TOTL.GD.ZS","","","","","","","","","","","6.23915","4.99502","4.03929","8.79329","3.39271","1.96134","1.97008","","2.11424","1.54552","1.19108","1.61678","1.69715","","","","","4.73773","5.40903","4.69012","3.95996","3.66894","3.74769","4.29403","","","","","5.25395","4.93205","3.70591","","","","","","","","","","2.04661","3.68108","3.20704","","3.76595","",
"Bhutan","BTN","Government expenditure on education as % of GDP (%)","SE.XPD.TOTL.GD.ZS","","","","","","","","","","","","","","","","","","","","","","","","","","","","","","","","","","","","","","","","","5.51379","5.7178","","","6.41799","7.0781","","","4.7975","4.62672","4.02447","4.65258","","5.58966","5.95991","",
"Botswana","BWA","Government expenditure on education as % of GDP (%)","SE.XPD.TOTL.GD.ZS","","","","","","","","","","","","4.38724","3.90639","3.26279","3.67424","5.64943","6.06396","5.40031","5.95214","6.14173","5.46932","","","5.55227","5.55166","5.65072","5.18593","6.11773","6.15111","","5.73963","","6.84061","","","","","","","","","","","","","10.67859","","8.88464","","9.63293","","","","","","",
"Central African Republic","CAF","Government expenditure on education as % of GDP (%)","SE.XPD.TOTL.GD.ZS","","","","","","","","","","","","","","","","","","","3.17053","","","","","","","","2.20775","2.54805","","","2.2442","2.27631","","","","","","","","1.69002","1.61265","","1.51957","1.5398","1.62453","1.63638","1.40242","1.31289","1.29002","1.30356","1.20455","1.22862","","","","",
"Canada","CAN","Government expenditure on education as % of GDP (%)","SE.XPD.TOTL.GD.ZS","","","","","","","","","","","","7.72195","7.62703","7.04823","6.69983","6.45278","6.73124","6.7438","7.10849","6.72499","6.49456","6.44042","6.52908","6.88161","6.6485","6.23894","6.0741","6.35449","6.2092","6.11443","6.00705","6.90657","6.79398","7.7335","6.70718","6.34796","","","5.5274","5.55329","5.45619","4.98865","5.03578","","","4.80467","","4.79737","4.66087","4.87313","5.37116","5.27246","","","","",
"Central Europe and the Baltics","CEB","Government expenditure on education as % of GDP (%)","SE.XPD.TOTL.GD.ZS","","","","","","","","","","","","","","","","","","","","","","","","","","","","","","","","","","","","","","","","","","","","","","","","","","","","","","","","",
"Switzerland","CHE","Government expenditure on education as % of GDP (%)","SE.XPD.TOTL.GD.ZS","","","","","","","","","","","","","","","","","","","","","4.37124","4.33295","4.40135","4.50872","4.36412","4.30994","4.34654","4.30139","4.36794","4.27745","4.53429","4.69238","","5.10485","5.068","5.07213","5.07918","","4.88814","","","","","","","","","","","5.05967","4.94787","4.99342","5.04805","","","",
"Channel Islands","CHI","Government expenditure on education as % of GDP (%)","SE.XPD.TOTL.GD.ZS","","","","","","","","","","","","","","","","","","","","","","","","","","","","","","","","","","","","","","","","","","","","","","","","","","","","","","","","",
"Chile","CHL","Government expenditure on education as % of GDP (%)","SE.XPD.TOTL.GD.ZS","","","","","","","","","","","","","","","3.91397","3.79159","","","3.18819","3.66278","4.44413","5.19505","","","","","","3.00609","","","2.36103","","","2.46387","2.59627","2.64011","2.88004","3.09043","3.43289","3.84052","3.70598","","4.00947","3.8516","3.48845","3.22508","3.02381","3.22353","3.79267","4.24129","4.18121","4.06808","4.57408","4.55744","","",
"China","CHN","Government expenditure on education as % of GDP (%)","SE.XPD.TOTL.GD.ZS","","","","","","","","","","","","1.4062","1.62662","1.67224","1.78501","1.73256","1.84428","1.77582","1.97414","2.16535","1.92701","1.96382","2.04988","2.09268","2.01306","2.02126","2.07502","1.81504","1.77345","","","","1.66228","1.6648","1.993","1.84825","1.85964","","1.85111","1.89593","","","","","","","","","","","","","","","","",
"Cote d'Ivoire","CIV","Government expenditure on education as % of GDP (%)","SE.XPD.TOTL.GD.ZS","","","","","","","","","","","5.86539","","7.53186","7.04561","5.69039","6.78574","6.46212","","6.75367","8.23139","6.85976","","","","","","","","","","","","6.78114","6.50305","4.78869","4.30145","4.05623","4.03089","3.78794","4.09433","3.70367","3.66868","4.09033","3.96799","4.12786","4.10575","4.11478","4.29742","4.44896","","","","","","4.71947","",
"Cameroon","CMR","Government expenditure on education as % of GDP (%)","SE.XPD.TOTL.GD.ZS","","","","","","","","","","","","3.07987","3.36389","","","","","","","","","","2.98497","3.49689","3.24637","","2.84834","2.93091","2.71473","2.64896","3.2871","3.22023","2.751","","","","","","","","1.93258","2.60995","","3.30182","3.32991","3.12323","2.95568","3.36625","2.95686","3.46009","3.31319","3.05291","2.96539","3.02834","","",
"Congo, Rep.","COG","Government expenditure on education as % of GDP (%)","SE.XPD.TOTL.GD.ZS","","","","","","","","","","","5.7323","5.55095","","5.23845","","7.74302","","","8.41331","7.03814","6.35924","","","","","","","","","","","","","","6.37312","4.91034","","","4.06827","","","","3.20832","2.83616","2.28813","1.83577","","","","","6.22079","","","","","",
"Colombia","COL","Government expenditure on education as % of GDP (%)","SE.XPD.TOTL.GD.ZS","","","","","","","","","","","","","","","","","","","","1.75434","1.72912","2.59724","","","3.00429","2.71527","","","","2.70525","","","","","","","","","3.92644","4.4408","3.51121","3.70868","4.26813","4.32514","4.07935","3.99501","3.89332","4.0587","3.9098","4.74743","4.82616","4.45981","4.38531","4.9049","4.6708","",
"Comoros","COM","Government expenditure on education as % of GDP (%)","SE.XPD.TOTL.GD.ZS","","","","","","","","","","","","","","","","","","","","","","","","","","","","","","","","","","","","","","","3.78254","","","","3.88059","","","","","","7.70989","","","4.93279","4.88999","","","",
"Cabo Verde","CPV","Government expenditure on education as % of GDP (%)","SE.XPD.TOTL.GD.ZS","","","","","","","","","","","","","","","","","","","","","","","","","","","","","","","","","","","","","","","6.39177","6.80168","","","7.87682","","7.47664","","6.5296","5.40755","5.518","5.30896","5.56729","5.04361","","5.03693","","",
"Costa Rica","CRI","Government expenditure on education as % of GDP (%)","SE.XPD.TOTL.GD.ZS","","","","","","","","","","","","","","","","","","","","","7.34717","","4.88507","3.92334","","","3.5658","","3.05414","3.1185","","","","","","3.3116","3.83658","","","4.86788","4.39395","4.70612","5.06924","5.06167","4.89459","","","","","","","","","","","",
"Caribbean small states","CSS","Government expenditure on education as % of GDP (%)","SE.XPD.TOTL.GD.ZS","","","","","","","","","","","","","","","","","","","","","","","","","","","","","","","","","","","","","","","","","","","","","","","","","","","","","","","","",
"Cuba","CUB","Government expenditure on education as % of GDP (%)","SE.XPD.TOTL.GD.ZS","","","","","","","","","","","","","","","","","","","","","8.36909","","","","","","","","","","","7.14497","","7.07477","5.61948","","","","6.20866","6.75508","7.70486","8.35785","9.5712","9.94078","10.26828","10.55769","9.05729","11.86829","14.05908","13.12516","12.83727","","","","","",
"Curacao","CUW","Government expenditure on education as % of GDP (%)","SE.XPD.TOTL.GD.ZS","","","","","","","","","","","","","","","","","","","","","","","","","","","","","","","","","","","","","","","","","","","","","","","","","","","","","","","","",
"Cayman Islands","CYM","Government expenditure on education as % of GDP (%)","SE.XPD.TOTL.GD.ZS","","","","","","","","","","","","","","","","","","","","","","","","","","","","","","","","","","","","","","","","","","","","","","","","","","","","","","","","",
"Cyprus","CYP","Government expenditure on education as % of GDP (%)","SE.XPD.TOTL.GD.ZS","","","","","","","","","","","","","","","","4.33502","3.8197","3.38549","3.31234","3.35313","3.42601","3.79132","3.73178","","3.60191","3.58696","3.48897","3.44871","3.37547","3.37627","3.33924","3.57539","3.7803","4.09555","4.15997","3.74813","","","","4.79691","5.01779","5.14965","5.6183","6.71737","6.17329","6.34274","6.39555","6.34744","6.80899","7.30415","6.66191","6.64467","","","","",
"Czech Republic","CZE","Government expenditure on education as % of GDP (%)","SE.XPD.TOTL.GD.ZS","","","","","","","","","","","","","","","","","","","","","","","","","","","","","","","","","3.79021","4.20129","4.6976","4.56385","4.28387","","3.60358","3.69324","3.6613","3.75679","3.98297","4.15004","4.02052","3.89869","4.22392","3.875","3.75273","4.18041","4.07352","4.28418","4.26371","","","",
"Germany","DEU","Government expenditure on education as % of GDP (%)","SE.XPD.TOTL.GD.ZS","","","","","","","","","","","","","","","","","","","","","","","","","","","","","","","","","","4.41382","4.33488","4.4227","4.48694","","4.46003","","","","","","","","4.28476","4.34842","4.41596","4.88767","4.921","4.81496","4.94831","","","",
"Djibouti","DJI","Government expenditure on education as % of GDP (%)","SE.XPD.TOTL.GD.ZS","","","","","","","","","","","","","","","","","","","","","","","","","","","","","","","","","","","","","","","","7.62948","9.66","7.80543","8.4476","8.88985","9.26467","8.36589","8.27878","8.40625","","","4.49022","","","","","",
"Dominica","DMA","Government expenditure on education as % of GDP (%)","SE.XPD.TOTL.GD.ZS","","","","","","","","","","","","","","","","","","","","","","","","","","","","","","5.17833","","","","","","","","","7.16059","4.99184","","","","","","","","","","","","","","","","",
"Denmark","DNK","Government expenditure on education as % of GDP (%)","SE.XPD.TOTL.GD.ZS","","","","","","","","","","","6.02943","6.48275","6.55638","6.32187","6.63196","6.75038","","5.68559","5.76126","5.59097","5.93262","","","","","","5.85677","6.0928","6.3596","5.8654","","5.60722","","7.78547","7.47189","7.47103","7.88494","","8.10674","7.93116","8.08433","8.21545","8.21303","8.12194","8.21188","8.08275","7.72783","7.61377","7.49236","8.48796","8.61798","8.5471","","","","",
"Dominican Republic","DOM","Government expenditure on education as % of GDP (%)","SE.XPD.TOTL.GD.ZS","","","","","","","","","","","2.64097","","","","","","","","","","","","1.59754","1.56546","1.49779","1.21019","","","","","","","","0.78019","0.90279","1.04848","1.23468","","","","1.91261","2.0237","1.97101","1.87636","","","","2.05124","","","","","","","","",
"Algeria","DZA","Government expenditure on education as % of GDP (%)","SE.XPD.TOTL.GD.ZS","","","","","","","","","","","","","","","","","","","","7.18201","6.59742","","","","","","","","","","","","","","","","","","","","","","","","","","","","4.33702","","","","","","","",
"East Asia & Pacific (developing only)","EAP","Government expenditure on education as % of GDP (%)","SE.XPD.TOTL.GD.ZS","","","","","","","","","","","","","","","","","","","","","","","","","","","","","","","","","","","","","","","","","","","","","","","","","","","","","","","","",
"East Asia & Pacific (all income levels)","EAS","Government expenditure on education as % of GDP (%)","SE.XPD.TOTL.GD.ZS","","","","","","","","","","","","","","","","","","","","","","","","","","","","","","","","","","","","","","","","","","","","","","","","","","","","","","","","",
"Europe & Central Asia (developing only)","ECA","Government expenditure on education as % of GDP (%)","SE.XPD.TOTL.GD.ZS","","","","","","","","","","","","","","","","","","","","","","","","","","","","","","","","","","","","","","","","","","","","","","","","","","","","","","","","",
"Europe & Central Asia (all income levels)","ECS","Government expenditure on education as % of GDP (%)","SE.XPD.TOTL.GD.ZS","","","","","","","","","","","","","","","","","","","","","","","","","","","","","","","","","","","","","","","","","","","","","","","","","","","","","","","","",
"Ecuador","ECU","Government expenditure on education as % of GDP (%)","SE.XPD.TOTL.GD.ZS","","","","","","","","","","","2.00283","1.8794","","","","","","2.41884","","","","","","","4.20342","5.23335","6.87238","","","","","","","","","1.99764","","","2.19537","1.54734","1.15093","","","","","","","","","","4.07574","4.31455","4.18002","","","",
"Egypt, Arab Rep.","EGY","Government expenditure on education as % of GDP (%)","SE.XPD.TOTL.GD.ZS","","","","","","","","","","","","4.74202","4.72636","","5.48853","5.00846","5.02737","4.53443","4.86171","","4.2498","","5.30415","5.64235","","","","","4.51937","4.59159","","","4.09639","4.1977","4.58376","4.604","4.67157","","","","","","","4.94563","4.67072","4.79443","4.00178","3.68461","3.76083","","","","","","","",
"Euro area","EMU","Government expenditure on education as % of GDP (%)","SE.XPD.TOTL.GD.ZS","","","","","","","","","","","","","","","","","","","","","","","","","","","","","","","","","","","","","","","","","","","","","","","","","","","","","","","","",
"Eritrea","ERI","Government expenditure on education as % of GDP (%)","SE.XPD.TOTL.GD.ZS","","","","","","","","","","","","","","","","","","","","","","","","","","","","","","","","","","","","","1.63855","","4.62058","5.26281","","4.04716","3.5239","","3.14897","","2.127","","","","","","","","","",
"Spain","ESP","Government expenditure on education as % of GDP (%)","SE.XPD.TOTL.GD.ZS","","","","","","","","","","","1.838","1.89443","2.07027","","1.46353","","1.90457","2.08282","2.2368","2.34442","","","","","","","","3.1367","3.33737","3.56145","3.64349","3.75254","3.84761","4.25645","4.49689","4.44671","4.46852","","4.30296","4.27052","4.17637","4.11988","4.13603","4.16717","4.14829","4.13003","4.16759","4.23332","4.50101","4.86779","4.81922","4.84507","4.36743","","","",
"Estonia","EST","Government expenditure on education as % of GDP (%)","SE.XPD.TOTL.GD.ZS","","","","","","","","","","","","","","","","","","","","","","","","","","","","","","","","","","","","6.08896","6.11469","6.4572","6.30887","6.70094","5.34045","5.24616","5.47872","5.30094","4.91245","4.84576","","4.66549","5.5196","5.95738","5.5298","5.09808","4.79262","","","",
"Ethiopia","ETH","Government expenditure on education as % of GDP (%)","SE.XPD.TOTL.GD.ZS","","","","","","","","","","","","","","","","","","","","","","","2.11235","2.30206","2.11203","2.33757","2.13795","","","","","","","2.35421","","","2.77462","2.75794","","","3.98311","3.70029","3.63245","","","","5.49096","5.45113","5.4082","4.42207","4.49659","","","4.49855","","",
"European Union","EUU","Government expenditure on education as % of GDP (%)","SE.XPD.TOTL.GD.ZS","","","","","","","","","","","","","","","","","","","","","","","","","","","","","","","","","","","","","","","","","","","","","","","","","","","","","","","","",
"Fragile and conflict affected situations","FCS","Government expenditure on education as % of GDP (%)","SE.XPD.TOTL.GD.ZS","","","","","","","","","","","","","","","","","","","","","","","","","","","","","","","","","","","","","","","","","","","","","","","","","","","","","","","","",
"Finland","FIN","Government expenditure on education as % of GDP (%)","SE.XPD.TOTL.GD.ZS","","","","","","","","","","","5.40947","5.32744","5.00449","5.08959","4.47897","5.02949","5.22444","","","4.79336","4.82217","4.82994","4.77616","4.85175","4.69558","5.04196","5.09658","5.19813","5.06491","5.07036","5.33591","6.33289","6.51512","7.48367","6.85563","6.80942","6.86053","","","5.86961","5.71688","5.84797","6.02478","6.17477","6.1685","6.03606","5.9381","5.68609","5.84677","6.48518","6.54071","6.48201","7.19254","","","",
"Fiji","FJI","Government expenditure on education as % of GDP (%)","SE.XPD.TOTL.GD.ZS","","","","","","","","","","","","","","","","","","","","5.19761","","5.82011","","6.48669","","","","","","4.8311","","","","","","","","","5.51262","5.15351","5.85725","5.61714","6.24382","","6.16493","5.12197","5.60714","5.84843","4.25357","4.49848","","4.31967","","4.22044","","",
"France","FRA","Government expenditure on education as % of GDP (%)","SE.XPD.TOTL.GD.ZS","","","","","","","","","","","3.4184","3.16281","3.3462","3.21845","4.22762","4.41425","4.41178","4.42244","4.3325","4.26809","4.29399","4.71512","4.83583","4.83522","4.84958","4.83358","4.6892","4.60277","4.52404","4.43515","4.49228","4.81744","4.71099","5.39988","5.5957","5.75908","5.72616","","5.65912","5.64529","5.51673","5.41704","5.40916","5.72295","5.63702","5.49981","5.44211","5.44519","5.44403","5.73849","5.68342","5.51584","5.53344","","","",
"Faroe Islands","FRO","Government expenditure on education as % of GDP (%)","SE.XPD.TOTL.GD.ZS","","","","","","","","","","","","","","","","","","","","","","","","","","","","","","","","","","","","","","","","","","","","","","","","","","","","","","","","",
"Micronesia, Fed. Sts.","FSM","Government expenditure on education as % of GDP (%)","SE.XPD.TOTL.GD.ZS","","","","","","","","","","","","","","","","","","","","","","","","","","","","","","","","","","","","","","","","6.40977","6.70818","","","","","","","","","","","","","","","",
"Gabon","GAB","Government expenditure on education as % of GDP (%)","SE.XPD.TOTL.GD.ZS","","","","","","","","","","","","","","","","","","","","","","","","","","","","","","","","","2.80552","","","","","","3.41966","3.08123","3.82709","","","","","","","","","","","","","","","",
"United Kingdom","GBR","Government expenditure on education as % of GDP (%)","SE.XPD.TOTL.GD.ZS","","","","","","","","","","","","5.03205","5.15938","5.44861","5.391","6.26878","6.42422","6.06335","","","5.07012","5.28842","5.1887","5.0615","4.89906","4.59409","4.38084","4.37181","4.26831","4.12511","4.05552","4.12248","4.33449","","4.85083","4.83926","4.76335","","4.56434","4.31332","4.35218","4.40956","4.97608","5.12047","5.00527","5.19466","5.2469","5.1641","5.12086","5.3124","5.95497","5.75164","","5.72","","",
"Georgia","GEO","Government expenditure on education as % of GDP (%)","SE.XPD.TOTL.GD.ZS","","","","","","","","","","","","","","","","","","","","","","","","","","","","","","","","","","","6.91566","","","","2.10888","2.15513","2.18107","2.1375","2.23501","2.0656","2.9142","2.48431","3.00364","2.69687","2.91956","3.22238","","2.69622","1.98331","","","",
"Ghana","GHA","Government expenditure on education as % of GDP (%)","SE.XPD.TOTL.GD.ZS","","","","","","","","","","","","4.22444","4.6214","","3.80271","4.87654","5.82883","6.09528","","2.31135","2.70777","1.80812","1.90454","","","","3.35448","3.3067","3.18742","","","","","","","","","","","4.11037","","5.35444","","","7.53558","7.42208","5.25994","5.51987","5.75796","5.31744","5.5406","8.14097","7.91914","5.93355","","",
"Guinea","GIN","Government expenditure on education as % of GDP (%)","SE.XPD.TOTL.GD.ZS","","","","","","","","","","","","","","","","","","","","","","","","","","","","","","","","2.01639","2.00632","2.08844","","","","","","2.36142","2.5934","2.08191","2.59387","2.37102","2.21","1.84906","","","2.43837","3.21608","3.69186","3.06283","2.47139","3.54088","","",
"Gambia, The","GMB","Government expenditure on education as % of GDP (%)","SE.XPD.TOTL.GD.ZS","","","","","","","","","","","","","","","","","","","","","","","","","","4.29515","3.48473","","","2.97409","2.82584","3.78061","1.16984","","","2.55356","2.56628","","","1.56513","1.46587","1.1581","1.44292","1.36338","1.0345","1.13918","1.20949","1.30851","3.52742","3.07235","4.15601","3.89922","4.09038","2.80663","","",
"Guinea-Bissau","GNB","Government expenditure on education as % of GDP (%)","SE.XPD.TOTL.GD.ZS","","","","","","","","","","","","","","","","","","","","","","","","","","","","","","","","","","","","","","","","5.24617","","","","","","","","","","","1.86424","1.84898","2.06464","2.35587","","",
"Equatorial Guinea","GNQ","Government expenditure on education as % of GDP (%)","SE.XPD.TOTL.GD.ZS","","","","","","","","","","","","","","","","","","","","","","","","","","","","","","","","","","","","","","","2.18798","","","","","","","","","","","","","","","","","",
"Greece","GRC","Government expenditure on education as % of GDP (%)","SE.XPD.TOTL.GD.ZS","","","","","","","","","","","1.54078","1.29769","","1.10852","1.33121","1.45548","1.44292","1.48823","1.67952","","","1.68658","1.68064","1.68248","1.80338","","1.82663","1.82747","1.86208","2.00806","2.03857","1.92723","","","","","","","2.88278","3.01806","3.21915","3.36916","3.44935","3.43576","3.68054","3.96574","","","","","","","","","","",
"Grenada","GRD","Government expenditure on education as % of GDP (%)","SE.XPD.TOTL.GD.ZS","","","","","","","","","","","","","","","","","","","","","","","","","","","","","","","","","","","","","","","","","","","","3.92674","","","","","","","","","","","","",
"Greenland","GRL","Government expenditure on education as % of GDP (%)","SE.XPD.TOTL.GD.ZS","","","","","","","","","","","","","","","","","","","","","","","","","","","","","","","","","","","","","","","","","","","","","","","","","","","","","","","","",
"Guatemala","GTM","Government expenditure on education as % of GDP (%)","SE.XPD.TOTL.GD.ZS","","","","","","","","","","","1.85872","2.02554","","","","","1.62729","","","","","","","","","","","","","","","","","1.66575","1.43998","1.6048","1.5637","","","","","","","","","","2.98401","3.03874","3.18454","","2.80307","2.92014","2.95786","2.84226","","",
"Guam","GUM","Government expenditure on education as % of GDP (%)","SE.XPD.TOTL.GD.ZS","","","","","","","","","","","","","","","","","","","","","","","","","","","","","","","","","","","","","","","","","","","","","","","","","","","","","","","","",
"Guyana","GUY","Government expenditure on education as % of GDP (%)","SE.XPD.TOTL.GD.ZS","","","","","","","","","","","4.32898","","","","","","","7.08873","","9.37787","","","","8.25347","7.22748","","","","","","","","","","3.72445","3.60934","","","","8.56106","8.48415","8.58889","8.40805","6.96654","5.52623","8.13973","5.08927","3.75228","","3.36104","3.66099","3.59123","3.19404","","","",
"High income","HIC","Government expenditure on education as % of GDP (%)","SE.XPD.TOTL.GD.ZS","","","","","","","","","","","","","","","","","","","","","","","","","","","","","","","","","","","","","","","","","","","","","","","","","","","","","","","","",
"Hong Kong SAR, China","HKG","Government expenditure on education as % of GDP (%)","SE.XPD.TOTL.GD.ZS","","","","","","","","","","","","2.36815","2.29561","2.18337","2.36029","2.4492","2.43336","2.21924","2.32255","","2.19214","2.27173","1.66983","2.5786","2.58169","2.55897","","","","","2.46609","","2.8282","","","","2.72831","","","","","3.9037","4.01554","4.2853","4.55896","4.13463","3.84279","3.45455","3.26063","4.39213","3.51003","3.41822","3.50961","3.76032","3.57196","",
"Honduras","HND","Government expenditure on education as % of GDP (%)","SE.XPD.TOTL.GD.ZS","","","","","","","","","","","","","","","","","","","3.241","3.16882","2.99447","","","","","","","","","","","","","","3.39836","3.57875","","","","","","","","","","","","","","","","","","5.87493","","",
"Heavily indebted poor countries (HIPC)","HPC","Government expenditure on education as % of GDP (%)","SE.XPD.TOTL.GD.ZS","","","","","","","","","","","","","","","","","","","","","","","","","","","","","","","","","","","","","","","","","","","","","","","","","","","","","","","","",
"Croatia","HRV","Government expenditure on education as % of GDP (%)","SE.XPD.TOTL.GD.ZS","","","","","","","","","","","","","","","","","","","","","","","","","","","","","","","","","","","","","","","","","","","3.81086","3.86755","3.82086","","","3.97111","4.27013","4.38925","4.25217","4.15795","","","","",
"Haiti","HTI","Government expenditure on education as % of GDP (%)","SE.XPD.TOTL.GD.ZS","","","","","","","","","","","","","","","","","","","","","","","","","","","","","","","","1.07399","","","","","","","","","","","","","","","","","","","","","","","","",
"Hungary","HUN","Government expenditure on education as % of GDP (%)","SE.XPD.TOTL.GD.ZS","","","","","","","","","","","","","","","","","","","","","","","","","","","","","","","","5.91243","6.11373","5.95285","5.86767","4.87473","4.35434","","4.42302","4.57708","4.87956","4.95096","5.19788","5.82966","5.3774","5.38289","5.35814","5.19448","5.02306","5.01172","4.81825","4.64508","","","","",
"Indonesia","IDN","Government expenditure on education as % of GDP (%)","SE.XPD.TOTL.GD.ZS","","","","","","","","","","","","","2.64225","","","","","","","","","","","","","","","","","0.82737","","","","","0.99855","1.00435","1.07855","1.07208","","","","2.46003","2.64569","3.218","2.74847","2.87282","","3.04425","2.9019","3.52513","2.81228","3.18944","3.40748","3.36659","","",
"Isle of Man","IMN","Government expenditure on education as % of GDP (%)","SE.XPD.TOTL.GD.ZS","","","","","","","","","","","","","","","","","","","","","","","","","","","","","","","","","","","","","","","","","","","","","","","","","","","","","","","","",
"India","IND","Government expenditure on education as % of GDP (%)","SE.XPD.TOTL.GD.ZS","","","","","","","","","","","","","","","","","","","","","","","","","","","","","","","","","","","","","","2.82791","3.51098","4.33929","4.25026","","","3.55114","3.29476","3.1338","3.09073","","","3.21076","3.31959","3.7232","3.8256","","","",
"Not classified","INX","Government expenditure on education as % of GDP (%)","SE.XPD.TOTL.GD.ZS","","","","","","","","","","","","","","","","","","","","","","","","","","","","","","","","","","","","","","","","","","","","","","","","","","","","","","","","",
"Ireland","IRL","Government expenditure on education as % of GDP (%)","SE.XPD.TOTL.GD.ZS","","","","","","","","","","","","4.49089","4.62153","4.61316","4.69074","","4.30076","5.0904","5.07268","5.2934","5.32753","5.73776","5.39493","5.45199","5.28698","5.25361","5.30651","5.53433","5.02116","4.71773","4.60517","4.78745","5.01064","5.12067","5.1939","4.87649","4.75987","","4.30612","4.14717","4.15894","4.11753","4.12974","4.22634","4.50573","4.54981","4.57605","4.72311","5.47034","6.20758","6.14069","5.85089","5.84453","","","",
"Iran, Islamic Rep.","IRN","Government expenditure on education as % of GDP (%)","SE.XPD.TOTL.GD.ZS","","","","","","","","","","","","2.87191","2.87743","3.01867","2.82516","3.0912","","5.79323","","","","7.47363","6.00605","4.33265","4.03769","3.66837","3.76884","4.35589","3.85861","4.22927","3.98886","4.02673","3.93408","4.66562","","4.3684","3.75548","","","4.53346","4.38467","4.40555","4.92935","4.82068","4.87207","4.72296","5.05938","5.04763","4.45332","4.45065","4.25877","4.05015","3.31111","3.31579","3.06152","",
"Iraq","IRQ","Government expenditure on education as % of GDP (%)","SE.XPD.TOTL.GD.ZS","","","","","","","","","","","","","","","","","","3.85705","","","2.42379","","","","","","","","","3.5515","","","","","","","","","","","","","","","","","","","","","","","","","","",
"Iceland","ISL","Government expenditure on education as % of GDP (%)","SE.XPD.TOTL.GD.ZS","","","","","","","","","","","","","","","","","","","","","","","","","","","","","","","4.2105","","","5.08347","4.70183","4.72658","5.14888","","6.79484","6.45606","6.48736","6.77809","7.40496","7.31222","7.20723","7.36224","7.34849","7.01096","7.22594","7.3752","7.20091","7.03659","","","","",
"Israel","ISR","Government expenditure on education as % of GDP (%)","SE.XPD.TOTL.GD.ZS","","","","","","","","","","","","","","6.27981","6.93871","7.05157","7.00533","7.17139","7.99027","8.0817","8.64014","7.8307","7.32836","7.95397","7.93089","8.97797","6.98738","6.34066","5.14669","6.38579","6.09651","6.20592","6.41408","6.86423","7.44447","","","","6.7094","6.4695","6.15953","6.43396","6.53367","6.42538","6.009","5.81307","5.82873","5.57333","5.59197","5.52088","5.56116","5.63281","","","","",
"Italy","ITA","Government expenditure on education as % of GDP (%)","SE.XPD.TOTL.GD.ZS","","","","","","","","","","","3.37671","2.9073","","","3.84643","3.72254","3.93106","","3.79149","4.17599","","","","4.50128","4.78863","4.70361","4.6686","","4.60629","","","","","4.74783","4.44636","4.33136","4.4579","","4.46177","4.52157","4.29715","4.667","4.44524","4.55283","4.39519","4.24747","4.53567","4.11659","4.40076","4.53407","4.34919","4.14054","","","","",
"Jamaica","JAM","Government expenditure on education as % of GDP (%)","SE.XPD.TOTL.GD.ZS","","","","","","","","","","","","","","3.63144","4.24897","5.22879","5.85833","6.02652","","","","","","","","5.3919","4.60398","","3.94086","5.18398","4.77916","4.38307","3.33666","3.21403","4.52025","3.74213","4.16108","4.96098","","","5.0151","5.41476","5.42852","4.25685","3.91255","4.61707","","5.49138","6.19327","6.19928","6.36821","6.26177","6.11707","6.2562","5.98413","",
"Jordan","JOR","Government expenditure on education as % of GDP (%)","SE.XPD.TOTL.GD.ZS","","","","","","","","","","","3.63004","3.29769","2.38743","2.48694","3.55769","3.76348","3.53393","3.6799","3.68117","5.08173","","5.16732","5.08916","4.92796","5.93695","","3.28438","3.29657","4.04757","5.64387","","","","","","","7.47599","6.36608","","4.94514","","","","","","","","","","","","","","","","",
"Japan","JPN","Government expenditure on education as % of GDP (%)","SE.XPD.TOTL.GD.ZS","","","","","","","","","","","","3.71819","4.07921","4.1114","4.10841","4.74802","4.93292","4.92219","4.97725","5.14305","5.15451","5.15012","5.11966","4.90063","","","","5.67262","5.6624","5.46734","","","","3.47889","3.66794","3.50624","","","3.42623","3.53673","3.61888","3.57129","3.58506","3.64257","3.59859","3.48391","3.46274","3.46368","3.44024","","3.78135","3.77827","3.8497","3.81849","","",
"Kazakhstan","KAZ","Government expenditure on education as % of GDP (%)","SE.XPD.TOTL.GD.ZS","","","","","","","","","","","","","","","","","","","","","","","","","","","","","","","","","","","","4.03445","3.92371","4.37343","","3.89257","3.25662","","3.0297","","2.25591","2.26353","2.62678","2.83139","2.58946","3.06072","","","","2.83413","2.88742","",
"Kenya","KEN","Government expenditure on education as % of GDP (%)","SE.XPD.TOTL.GD.ZS","","","","","","","","","","","","3.92982","4.47634","4.65052","5.06551","5.60612","5.7441","5.13632","","","5.38788","5.92373","5.67812","5.4383","4.58096","5.19977","6.01379","","6.60055","6.03572","","6.57067","6.0759","6.02915","5.92402","","","","","5.32324","5.18673","5.20621","6.172","6.49427","6.79693","7.33565","7.04984","","","","5.50822","","","","","",
"Kyrgyz Republic","KGZ","Government expenditure on education as % of GDP (%)","SE.XPD.TOTL.GD.ZS","","","","","","","","","","","","","","","","","","","","","","","","","","","","","","","","","","","5.58819","6.15643","4.90261","","4.91963","4.08522","3.50837","3.85419","4.44547","4.47541","4.62243","4.87384","5.54986","6.467","5.91319","6.23268","5.81883","6.79062","7.38423","6.7802","","",
"Cambodia","KHM","Government expenditure on education as % of GDP (%)","SE.XPD.TOTL.GD.ZS","","","","","","","","","","","","","","","","","","","","","","","","","","","","","","","","","","","","","","","1.25907","","1.66681","1.72403","1.71121","","1.71982","","","1.5993","","","2.60388","","","","","",
"Kiribati","KIR","Government expenditure on education as % of GDP (%)","SE.XPD.TOTL.GD.ZS","","","","","","","","","","","4.79313","4.26643","","","3.13511","","","","","","","","","","","","","","","","","","","","","","","","","10.6302","11.14303","11.98812","","","","","","","","","","","","","","",
"St. Kitts and Nevis","KNA","Government expenditure on education as % of GDP (%)","SE.XPD.TOTL.GD.ZS","","","","","","","","","","","","","","","","","","","","","","","","","","5.64292","","3.60698","","2.95372","","2.67806","3.06823","","","3.50032","","","5.36297","4.42932","4.75855","4.40403","3.92256","3.84377","4.01691","3.85991","4.1125","4.2253","","","","","","","","",
"Korea, Rep.","KOR","Government expenditure on education as % of GDP (%)","SE.XPD.TOTL.GD.ZS","","","","","","","","","","","3.26719","3.55443","3.07761","2.55822","","1.99639","2.62701","2.31737","","2.89827","3.33612","2.77288","6.07534","4.18364","3.90624","3.89292","3.54678","3.30633","2.71047","3.03996","3.02391","3.47166","3.57194","3.70361","3.05064","2.9735","","","3.42941","3.44687","","3.89743","3.79262","4.13241","4.11529","3.90137","3.96743","3.95229","4.46395","4.66983","","","4.61823","","","",
"Kosovo","KSV","Government expenditure on education as % of GDP (%)","SE.XPD.TOTL.GD.ZS","","","","","","","","","","","","","","","","","","","","","","","","","","","","","","","","","","","","","","","","","","","","","","","","","","","","","","","","",
"Kuwait","KWT","Government expenditure on education as % of GDP (%)","SE.XPD.TOTL.GD.ZS","","","","","","","","","","","","3.28734","2.81575","3.30369","3.5216","2.13554","3.11508","3.36867","4.08185","3.42856","2.79102","2.71914","3.03351","5.09027","5.14888","5.00762","5.40084","","","","","","14.19883","","","","5.85954","5.58251","","","","6.586","6.5505","","5.53515","4.73825","3.76001","","","","","","","","","",
"Latin America & Caribbean (developing only)","LAC","Government expenditure on education as % of GDP (%)","SE.XPD.TOTL.GD.ZS","","","","","","","","","","","","","","","","","","","","","","","","","","","","","","","","","","","","","","","","","","","","","","","","","","","","","","","","",
"Lao PDR","LAO","Government expenditure on education as % of GDP (%)","SE.XPD.TOTL.GD.ZS","","","","","","","","","","","","","","","","","","","","","","","","","","","","","","","","","2.33457","","","","2.42975","2.1302","","","1.50369","1.99028","2.82522","","2.413","2.41409","2.95879","3.07842","2.27855","","2.77387","","","","4.17047","",
"Lebanon","LBN","Government expenditure on education as % of GDP (%)","SE.XPD.TOTL.GD.ZS","","","","","","","","","","","","","","","","","","","","","","","","","","","","","","","","","","1.75642","1.93126","2.22463","2.08467","","","","","2.84148","2.55271","","2.66674","2.67227","2.80863","2.60987","2.035","1.77877","1.63173","1.64626","2.1894","2.57268","","",
"Liberia","LBR","Government expenditure on education as % of GDP (%)","SE.XPD.TOTL.GD.ZS","","","","","","","","","","","","","","","","","","","6.99484","","6.25906","","","","","","","","","","","","","","","","","","","","","","","","","","","","3.26127","","","","2.82069","","","",
"Libya","LBY","Government expenditure on education as % of GDP (%)","SE.XPD.TOTL.GD.ZS","","","","","","","","","","","","","","","","","","","","","","","","","","","","","","","","","","","","","","","","2.26417","","","","","","","","","","","","","","","","",
"St. Lucia","LCA","Government expenditure on education as % of GDP (%)","SE.XPD.TOTL.GD.ZS","","","","","","","","","","","","","","","","","","","","","","","7.07189","","","","6.25656","","","","","","","","9.00789","","","","7.37781","7.25485","","6.89582","","4.33087","4.14074","5.14566","5.62154","","5.23876","3.76522","4.14863","4.28743","4.00259","4.75612","4.83666","",
"Latin America & Caribbean (all income levels)","LCN","Government expenditure on education as % of GDP (%)","SE.XPD.TOTL.GD.ZS","","","","","","","","","","","","","","","","","","","","","","","","","","","","","","","","","","","","","","","","","","","","","","","","","","","","","","","","",
"Least developed countries: UN classification","LDC","Government expenditure on education as % of GDP (%)","SE.XPD.TOTL.GD.ZS","","","","","","","","","","","","","","","","","","","","","","","","","","","","","","","","","","","","","","","","","","","","","","","","","","","","","","","","",
"Low income","LIC","Government expenditure on education as % of GDP (%)","SE.XPD.TOTL.GD.ZS","","","","","","","","","","","","","","","","","","","","","","","","","","","","","","","","","","","","","","","","","","","","","","","","","","","","","","","","",
"Liechtenstein","LIE","Government expenditure on education as % of GDP (%)","SE.XPD.TOTL.GD.ZS","","","","","","","","","","","","","","","","","","","","","","","","","","","","","","","","","","","","","","","","","","","","2.46014","2.43333","","2.05381","1.92119","2.04837","","","2.55604","","","","",
"Sri Lanka","LKA","Government expenditure on education as % of GDP (%)","SE.XPD.TOTL.GD.ZS","","","","","","","","","","","","","","3.3164","","2.74455","","","","2.56743","2.70417","2.44221","2.5585","2.39061","2.16526","2.57614","2.80542","2.64433","2.82636","2.75516","2.41093","2.91558","","","3.10853","2.9576","3.3436","","3.05142","","","","","","","","","","","2.0559","1.96588","1.9954","1.72398","","","",
"Lower middle income","LMC","Government expenditure on education as % of GDP (%)","SE.XPD.TOTL.GD.ZS","","","","","","","","","","","","","","","","","","","","","","","","","","","","","","","","","","","","","","","","","","","","","","","","","","","","","","","","",
"Low & middle income","LMY","Government expenditure on education as % of GDP (%)","SE.XPD.TOTL.GD.ZS","","","","","","","","","","","","","","","","","","","","","","","","","","","","","","","","","","","","","","","","","","","","","","","","","","","","","","","","",
"Lesotho","LSO","Government expenditure on education as % of GDP (%)","SE.XPD.TOTL.GD.ZS","","","","","","","","","","","","4.64155","4.52651","4.86656","4.23424","","","","","","","","","10.77014","6.99369","7.79441","","","7.86968","6.78905","","","","9.89221","8.13516","10.05103","","13.17703","","14.1626","11.492","10.77399","11.80636","15.61544","13.27157","14.79096","13.85772","","12.98201","","","","","","","",
"Lithuania","LTU","Government expenditure on education as % of GDP (%)","SE.XPD.TOTL.GD.ZS","","","","","","","","","","","","","","","","","","","","","","","","","","","","","","","","","","","","","","","","","","","","","17.84838","16.82612","16.64437","15.85024","16.69268","19.25768","18.31372","17.69513","","","","",
"Luxembourg","LUX","Government expenditure on education as % of GDP (%)","SE.XPD.TOTL.GD.ZS","","","","","","","","","","","2.20742","2.73994","2.6302","2.69886","","3.28499","3.46881","3.54483","4.1643","4.22517","4.36838","4.49889","5.0628","3.18576","","","3.63696","3.91832","3.85239","3.71619","","","","","","3.51149","3.35865","","","","","3.60224","","","","","","","","","","","","","","",
"Latvia","LVA","Government expenditure on education as % of GDP (%)","SE.XPD.TOTL.GD.ZS","","","","","","","","","","","","","","","","","","","","","","","","","","","","","","","","","","","","","3.68828","3.65048","3.85527","3.50193","2.98851","3.06679","3.26617","3.24727","3.21245","","3.2848","3.26785","3.79084","3.91929","3.55563","3.48792","3.20394","","","",
"Macao SAR, China","MAC","Government expenditure on education as % of GDP (%)","SE.XPD.TOTL.GD.ZS","","","","","","","","","","","","","","","","","","","","","","","","","","","","","","","","","","","","","","","3.68109","3.69231","3.67962","2.85865","2.99049","2.89245","2.3173","2.34887","2.23985","2.08706","2.22777","2.56586","2.6076","2.69069","3.34046","2.05939","","",
"St. Martin (French part)","MAF","Government expenditure on education as % of GDP (%)","SE.XPD.TOTL.GD.ZS","","","","","","","","","","","","","","","","","","","","","","","","","","","","","","","","","","","","","","","","","","","","","","","","","","","","","","","","",
"Morocco","MAR","Government expenditure on education as % of GDP (%)","SE.XPD.TOTL.GD.ZS","","","","","","","","","","","","","","4.67169","4.27549","5.21271","6.02712","6.08425","6.20183","6.31548","5.26213","5.9153","6.33786","6.41484","5.42954","5.35097","5.467","5.43909","4.7769","4.95362","4.72016","4.47952","","5.06807","","4.96991","","","5.34362","5.38568","","","","","","","","","5.5602","5.3758","","","","","","",
"Monaco","MCO","Government expenditure on education as % of GDP (%)","SE.XPD.TOTL.GD.ZS","","","","","","","","","","","","","","","","","","","","","","","","","","","","","0.88103","0.95752","","","0.9136","","","1.06457","1.08224","1.21242","1.20883","1.19528","1.25536","","","","1.24386","","","","","1.32877","1.32022","1.59142","1.77513","1.33332","","",
"Moldova","MDA","Government expenditure on education as % of GDP (%)","SE.XPD.TOTL.GD.ZS","","","","","","","","","","","","","","","","","","","","","","","","","","","","","","","","","","","","","9.8966","","","4.66255","4.48642","4.84691","5.49791","5.4249","6.77109","7.16273","7.49893","8.29343","8.23733","9.50976","9.11211","8.5597","8.34896","","7.50124","",
"Madagascar","MDG","Government expenditure on education as % of GDP (%)","SE.XPD.TOTL.GD.ZS","","","","","","","","","","","","","3.21737","2.71115","2.67376","2.51668","3.25501","5.05395","","3.97033","4.32025","3.81278","3.15062","2.65448","2.92933","2.75618","","","","","","","","2.14018","","","","1.84964","1.87065","2.76755","2.91135","3.25033","2.71621","3.03949","3.2643","3.84817","3.28253","3.36988","2.91041","3.17751","","2.78112","2.73217","2.07999","","",
"Maldives","MDV","Government expenditure on education as % of GDP (%)","SE.XPD.TOTL.GD.ZS","","","","","","","","","","","","","","","","","","","","","","","","","","","","","","","","","","","","","","","","","","","5.7039","5.36855","4.75694","5.21198","4.96182","4.72755","4.79509","7.0041","","5.96772","5.16456","","","",
"Middle East & North Africa (all income levels)","MEA","Government expenditure on education as % of GDP (%)","SE.XPD.TOTL.GD.ZS","","","","","","","","","","","","","","","","","","","","","","","","","","","","","","","","","","","","","","","","","","","","","","","","","","","","","","","","",
"Mexico","MEX","Government expenditure on education as % of GDP (%)","SE.XPD.TOTL.GD.ZS","","","","","","","","","","","","","","","","","","","","","","","","","","","","","","2.26588","2.31209","2.53738","3.00129","","3.65051","3.86743","","","3.52947","3.6621","4.13411","4.42832","4.63847","5.18674","4.80018","4.90795","4.74132","4.73198","4.85821","5.21749","5.19197","5.1462","","","","",
"Marshall Islands","MHL","Government expenditure on education as % of GDP (%)","SE.XPD.TOTL.GD.ZS","","","","","","","","","","","","","","","","","","","","","","","","","","","","","","","","","","","","","","","","14.53904","","","8.66987","12.24","","","","","","","","","","","","",
"Middle income","MIC","Government expenditure on education as % of GDP (%)","SE.XPD.TOTL.GD.ZS","","","","","","","","","","","","","","","","","","","","","","","","","","","","","","","","","","","","","","","","","","","","","","","","","","","","","","","","",
"Macedonia, FYR","MKD","Government expenditure on education as % of GDP (%)","SE.XPD.TOTL.GD.ZS","","","","","","","","","","","","","","","","","","","","","","","","","","","","","","","","","4.97911","4.87073","4.76097","4.49269","4.52623","","","","","","3.30015","","","","","","","","","","","","","",
"Mali","MLI","Government expenditure on education as % of GDP (%)","SE.XPD.TOTL.GD.ZS","","","","","","","","","","","","","","","","","","","3.55959","","3.41697","3.55256","3.29459","","","","2.68761","","","","","","","","","","","","2.97969","2.98639","3.62371","3.50314","3.3701","4.10313","4.31077","4.14605","","","3.81687","4.39837","3.7898","4.57597","4.18676","3.91349","4.33446","",
"Malta","MLT","Government expenditure on education as % of GDP (%)","SE.XPD.TOTL.GD.ZS","","","","","","","","","","","","6.15197","5.54999","5.2697","4.4931","4.42221","3.83189","3.89761","3.34883","3.15364","","2.86533","2.85408","3.31469","3.07872","3.24834","3.10572","3.16532","3.33824","3.58874","3.83142","3.9203","4.3141","","","","","","4.40561","","","","4.31127","","4.79185","","","6.31293","5.8462","5.44377","6.91128","7.96375","6.75966","","","",
"Myanmar","MMR","Government expenditure on education as % of GDP (%)","SE.XPD.TOTL.GD.ZS","","","","","","","","","","","","","2.8651","3.27381","","1.98739","1.72619","1.63782","1.64366","","","","","","","","","","","","","","","","","1.20248","","","","","","","","","","","","","","","","","","","","",
"Middle East & North Africa (developing only)","MNA","Government expenditure on education as % of GDP (%)","SE.XPD.TOTL.GD.ZS","","","","","","","","","","","","","","","","","","","","","","","","","","","","","","","","","","","","","","","","","","","","","","","","","","","","","","","","",
"Montenegro","MNE","Government expenditure on education as % of GDP (%)","SE.XPD.TOTL.GD.ZS","","","","","","","","","","","","","","","","","","","","","","","","","","","","","","","","","","","","","","","","","","","","","","","","","","","","","","","","",
"Mongolia","MNG","Government expenditure on education as % of GDP (%)","SE.XPD.TOTL.GD.ZS","","","","","","","","","","","","","","","","","","","","","","","","","","","","","","","","","","","","","","3.94897","5.49302","5.14566","5.55037","","7.21078","","4.32573","","","4.69013","","5.14485","4.6451","4.60903","","","","",
"Northern Mariana Islands","MNP","Government expenditure on education as % of GDP (%)","SE.XPD.TOTL.GD.ZS","","","","","","","","","","","","","","","","","","","","","","","","","","","","","","","","","","","","","","","","","","","","","","","","","","","","","","","","",
"Mozambique","MOZ","Government expenditure on education as % of GDP (%)","SE.XPD.TOTL.GD.ZS","","","","","","","","","","","","","","","","","","","","","","","","","","","","","","","","","","","","","","","2.31234","3.65996","","","","","4.45532","5.20143","5.00683","","","","","","6.21012","6.71555","","",
"Mauritania","MRT","Government expenditure on education as % of GDP (%)","SE.XPD.TOTL.GD.ZS","","","","","","","","","","","","","","","","","","","","","","","","","","","","","","","","","","","","","","2.34373","","2.43289","","2.8395","3.05538","3.10349","2.51687","","2.52458","","3.55225","","3.60428","3.07791","2.99699","3.27544","","",
"Mauritius","MUS","Government expenditure on education as % of GDP (%)","SE.XPD.TOTL.GD.ZS","","","","","","","","","","","","","","","","","","4.42232","5.54268","","","5.03284","4.58452","4.4351","4.06972","3.94651","3.469","3.04457","3.11835","3.50096","3.15708","3.50989","","","","","","","","3.93976","3.81526","3.16975","3.11292","4.48438","4.472","4.20155","3.81811","3.32607","3.20384","3.15771","3.65578","3.41084","3.48589","3.6769","4.98984","",
"Malawi","MWI","Government expenditure on education as % of GDP (%)","SE.XPD.TOTL.GD.ZS","","","","","","","","","","","","4.40479","3.3834","3.33149","3.08709","2.70379","2.42231","","","","","","","","","","3.19867","3.52508","3.17144","3.17635","3.27054","","","","","4.00885","5.38126","","","4.99491","5.24797","4.50898","","4.21763","","","","","","","4.35638","5.35337","","7.69988","6.87791","",
"Malaysia","MYS","Government expenditure on education as % of GDP (%)","SE.XPD.TOTL.GD.ZS","","","","","","","","","","","","4.27875","","","","","","","","4.996","5.62308","6.57639","6.90835","","5.56428","6.00107","7.11294","6.326","","","","","5.11139","4.65466","4.70529","4.34257","4.91385","4.62038","","5.68681","5.97162","7.48447","7.65793","7.50288","5.92388","","4.48578","4.37255","3.95851","5.97418","5.11661","5.93474","","6.29209","","",
"North America","NAC","Government expenditure on education as % of GDP (%)","SE.XPD.TOTL.GD.ZS","","","","","","","","","","","","","","","","","","","","","","","","","","","","","","","","","","","","","","","","","","","","","","","","","","","","","","","","",
"Namibia","NAM","Government expenditure on education as % of GDP (%)","SE.XPD.TOTL.GD.ZS","","","","","","","","","","","","","","","","","","","","","","","","","","","","","","","","","","","","","","","","7.21755","6.99139","6.91282","6.76239","6.11511","","","6.03782","","6.48408","","8.3505","","","","","",
"New Caledonia","NCL","Government expenditure on education as % of GDP (%)","SE.XPD.TOTL.GD.ZS","","","","","","","","","","","","","","","","","","","","","","","","","","","","","","","","","","","","","","","","","","","","","","","","","","","","","","","","",
"Niger","NER","Government expenditure on education as % of GDP (%)","SE.XPD.TOTL.GD.ZS","","","","","","","","","","","","1.05227","","","","","","","","","","","","","","","","","","","2.93707","3.25806","3.23893","2.8389","2.80862","2.85215","2.59498","","","3.22863","3.18947","2.86725","3.06366","2.40162","","","3.33406","4.02097","3.66293","4.52603","3.73339","4.20718","4.32767","4.90878","6.77798","",
"Nigeria","NGA","Government expenditure on education as % of GDP (%)","SE.XPD.TOTL.GD.ZS","","","","","","","","","","","","","","","3.21017","3.06369","","","","","","","","","","","","","","","","","","","","","","","","","","","","","","","","","","","","","","","","",
"Nicaragua","NIC","Government expenditure on education as % of GDP (%)","SE.XPD.TOTL.GD.ZS","","","","","","","","","","","2.03859","2.49203","","","","","","","","2.82278","3.26241","","3.79268","","5.9789","","","5.35175","","","","","2.98497","","","","","","2.22585","2.92365","3.0016","","2.39101","2.42201","","","","","","","4.49311","","","","","",
"Netherlands","NLD","Government expenditure on education as % of GDP (%)","SE.XPD.TOTL.GD.ZS","","","","","","","","","","","6.32633","6.43519","6.42532","5.94174","6.443","6.47939","6.41901","6.28704","6.28898","6.1933","5.99243","5.84657","5.79129","5.59379","5.17616","5.56541","5.65557","5.99764","5.56396","","5.31719","5.24892","","4.83703","4.74209","4.65629","4.57432","","4.61254","4.57832","4.6189","4.75615","4.87973","5.10994","5.15019","5.20605","5.14168","4.97065","5.11925","5.49481","5.5558","5.52617","5.51428","","","",
"High income: nonOECD","NOC","Government expenditure on education as % of GDP (%)","SE.XPD.TOTL.GD.ZS","","","","","","","","","","","","","","","","","","","","","","","","","","","","","","","","","","","","","","","","","","","","","","","","","","","","","","","","",
"Norway","NOR","Government expenditure on education as % of GDP (%)","SE.XPD.TOTL.GD.ZS","","","","","","","","","","","","","5.90406","5.89172","5.67366","5.55022","6.1636","5.97281","6.44435","","5.78015","5.54364","5.67885","5.6463","5.42937","5.25567","5.53983","5.78807","5.86597","6.29986","6.31038","6.37322","6.63614","7.67664","7.83043","7.69579","7.13815","7.30354","7.36069","6.96642","6.46468","6.82941","7.44132","7.4198","7.30252","6.86868","6.38566","6.53527","6.28934","7.09982","6.74996","6.45616","7.37183","","","",
"Nepal","NPL","Government expenditure on education as % of GDP (%)","SE.XPD.TOTL.GD.ZS","","","","","","","","","","","","","","","","","","","","","","","","","","","","","","","","","","","","","","","2.89288","2.89331","2.97515","3.70838","3.15283","3.11435","3.17194","3.36464","3.60536","3.51721","3.80517","4.66376","4.71699","","","4.08747","4.72197","",
"New Zealand","NZL","Government expenditure on education as % of GDP (%)","SE.XPD.TOTL.GD.ZS","","","","","","","","","","","","","","4.75329","4.7467","5.16732","5.45479","4.45264","4.53242","4.46774","4.23261","4.44059","4.5327","","4.04571","3.54628","3.4303","3.91739","4.42588","4.81824","","","","","5.92607","5.74216","6.38369","6.15723","","6.6362","","6.56051","6.40697","6.42942","6.50391","6.26888","5.93511","5.92504","5.52808","6.34519","7.0531","6.99861","7.25271","","","",
"High income: OECD","OEC","Government expenditure on education as % of GDP (%)","SE.XPD.TOTL.GD.ZS","","","","","","","","","","","","","","","","","","","","","","","","","","","","","","","","","","","","","","","","","","","","","","","","","","","","","","","","",
"OECD members","OED","Government expenditure on education as % of GDP (%)","SE.XPD.TOTL.GD.ZS","","","","","","","","","","","","","","","","","","","","","","","","","","","","","","","","","","","","","","","","","","","","","","","","","","","","","","","","",
"Oman","OMN","Government expenditure on education as % of GDP (%)","SE.XPD.TOTL.GD.ZS","","","","","","","","","","","","","","","","","","","","","","","","","","","3.79283","3.65626","3.38989","2.97824","2.83892","2.98794","3.12258","3.50822","3.44449","3.41326","3.18452","3.3568","4.11234","4.00595","3.20024","4.02031","4.32507","3.89697","4.02838","3.51722","3.85934","","","4.18775","","","","","","",
"Other small states","OSS","Government expenditure on education as % of GDP (%)","SE.XPD.TOTL.GD.ZS","","","","","","","","","","","","","","","","","","","","","","","","","","","","","","","","","","","","","","","","","","","","","","","","","","","","","","","","",
"Pakistan","PAK","Government expenditure on education as % of GDP (%)","SE.XPD.TOTL.GD.ZS","","","","","","","","","","","","1.65429","1.57826","1.85125","1.89806","2.00856","2.21635","2.12237","2.20418","2.19701","2.12883","1.96952","2.01367","1.99577","2.06985","2.43543","2.67813","2.97746","","2.36382","2.51681","2.56676","2.5594","2.39868","2.606","2.81679","2.81057","3.0223","","2.61149","1.83782","","","","1.94841","2.25436","2.62638","2.63527","2.74623","2.59078","2.28687","2.22175","2.13628","2.49344","2.45459","",
"Panama","PAN","Government expenditure on education as % of GDP (%)","SE.XPD.TOTL.GD.ZS","","","","","","","","","","","5.37489","4.45722","5.2896","4.62878","5.07492","5.48433","5.69683","5.64282","4.75022","4.78663","4.28153","4.1557","4.13961","4.2999","4.20038","4.26429","4.05148","4.6865","","","","","","","4.20261","4.78056","4.33518","4.07345","","4.83591","5.03969","4.34738","4.43821","4.41392","3.78917","","","","3.54055","","","3.29343","","","","",
"Peru","PER","Government expenditure on education as % of GDP (%)","SE.XPD.TOTL.GD.ZS","","","","","","","","","","","","","","3.48411","","","","","","","","","","","","","","","","","","","","","","","3.19257","","3.33631","3.50094","3.2764","3.06289","2.83824","2.92289","2.96114","2.88118","2.67639","2.6294","2.84364","3.13037","2.84742","2.68161","2.92168","3.27688","3.657","",
"Philippines","PHL","Government expenditure on education as % of GDP (%)","SE.XPD.TOTL.GD.ZS","","","","","","","","","","","","","","","","","","","","","1.71773","","2.07493","1.68607","","","1.72621","","","","","","","","","3.04226","3.36287","3.56313","3.81449","","3.26766","3.02662","2.99708","3.0447","2.56797","2.42629","2.53381","2.59534","2.69298","2.65295","","","","3.41","","",
"Palau","PLW","Government expenditure on education as % of GDP (%)","SE.XPD.TOTL.GD.ZS","","","","","","","","","","","","","","","","","","","","","","","","","","","","","","","","","","","","","","","","","7.81618","7.52348","7.47689","","","","","","","","","","","","","",
"Papua New Guinea","PNG","Government expenditure on education as % of GDP (%)","SE.XPD.TOTL.GD.ZS","","","","","","","","","","","","","5.24716","","","","","7.38971","","","","","","","","","","","","","","","","","","","","","","","","","","","","","","","","","","","","","","",
"Poland","POL","Government expenditure on education as % of GDP (%)","SE.XPD.TOTL.GD.ZS","","","","","","","","","","","","","","","","","","","","","","","","","","","","","","","","3.96754","4.26982","4.26455","","4.41976","6.38143","","4.98045","4.6411","4.99362","5.32975","5.39797","5.33218","5.38899","5.45666","5.22829","4.87176","5.07496","5.02705","5.09644","4.86121","","","","",
"Puerto Rico","PRI","Government expenditure on education as % of GDP (%)","SE.XPD.TOTL.GD.ZS","","","","","","","","","","","","7.25052","7.21458","6.47993","7.2869","6.22974","7.14049","6.38757","6.68103","","","","","","","","","","","","","","","","","","","","","","","","","","","","","","","","","","","6.38242","","",
"Korea, Dem. People’s Rep.","PRK","Government expenditure on education as % of GDP (%)","SE.XPD.TOTL.GD.ZS","","","","","","","","","","","","","","","","","","","","","","","","","","","","","","","","","","","","","","","","","","","","","","","","","","","","","","","","",
"Portugal","PRT","Government expenditure on education as % of GDP (%)","SE.XPD.TOTL.GD.ZS","","","","","","","","","","","","","","1.63372","1.9352","3.06211","3.07842","","2.90019","2.69904","3.06712","3.18543","3.32877","3.23249","3.14222","3.26217","3.04895","3.15766","3.38719","3.4749","3.56937","4.07093","4.33704","4.84047","4.67084","4.61286","5.06512","","","5.04535","5.16177","5.33507","5.25588","5.27827","5.0423","5.07076","4.90802","4.92191","4.70213","5.56214","5.40289","5.12129","","","","",
"Paraguay","PRY","Government expenditure on education as % of GDP (%)","SE.XPD.TOTL.GD.ZS","","","","","","","","","","","2.2811","2.47197","","","","","","","","","","","","","","1.54465","","","","","1.06207","","","","","","","","4.30809","4.45497","4.57071","4.25042","3.87704","3.94925","3.43809","","","3.54604","","","3.76766","4.96643","4.96304","","","",
"Pacific island small states","PSS","Government expenditure on education as % of GDP (%)","SE.XPD.TOTL.GD.ZS","","","","","","","","","","","","","","","","","","","","","","","","","","","","","","","","","","","","","","","","","","","","","","","","","","","","","","","","",
"French Polynesia","PYF","Government expenditure on education as % of GDP (%)","SE.XPD.TOTL.GD.ZS","","","","","","","","","","","","","","","","","","","","","","","","","","","","","","","","","","","","","","","","","","","","","","","","","","","","","","","","",
"Qatar","QAT","Government expenditure on education as % of GDP (%)","SE.XPD.TOTL.GD.ZS","","","","","","","","","","","","3.00028","2.69144","2.86783","","","1.74697","1.97006","2.77697","","","","","","","","","","","","","","","","","","","","3.57767","4.3453","3.72598","3.20019","3.84656","3.37394","3.46259","3.97188","2.70487","2.45446","4.22755","3.41315","4.53966","4.01224","3.46552","4.00712","3.52539","",
"Romania","ROU","Government expenditure on education as % of GDP (%)","SE.XPD.TOTL.GD.ZS","","","","","","","","","","","","","","","","","","","","","","","","","","","","","","","","","","","","","3.38874","","","","2.86468","3.25094","3.50999","3.44506","3.27684","3.47503","","4.24614","","4.23975","3.52577","3.07337","2.9855","","","",
"Russian Federation","RUS","Government expenditure on education as % of GDP (%)","SE.XPD.TOTL.GD.ZS","","","","","","","","","","","","","","","","","","","","","","","","","","","","","","","","","","","","","","","","","2.93981","3.10602","3.83902","3.67854","3.54787","3.77193","3.86626","","4.10175","","","","4.15467","","","",
"Rwanda","RWA","Government expenditure on education as % of GDP (%)","SE.XPD.TOTL.GD.ZS","","","","","","","","","","","","","","","","","","2.15021","2.23247","2.44128","2.66633","4.39297","","","","","","3.50578","3.33534","3.74663","","","","","","","","","","4.57848","4.09511","5.66607","","","","","","4.29646","3.782","","4.95011","4.71131","4.75101","5.02795","","",
"South Asia","SAS","Government expenditure on education as % of GDP (%)","SE.XPD.TOTL.GD.ZS","","","","","","","","","","","","","","","","","","","","","","","","","","","","","","","","","","","","","","","","","","","","","","","","","","","","","","","","",
"Saudi Arabia","SAU","Government expenditure on education as % of GDP (%)","SE.XPD.TOTL.GD.ZS","","","","","","","","","","","","","","","","","","","","","","3.89025","4.14255","5.97797","6.10957","","6.25535","","","","","5.82164","5.17939","6.03379","6.38302","5.7284","4.97447","4.60518","8.33827","7.10566","5.94348","7.76633","7.67961","7.14598","6.27747","5.43092","5.89117","","5.13781","","","","","","","",
"Sudan","SDN","Government expenditure on education as % of GDP (%)","SE.XPD.TOTL.GD.ZS","","","","","","","","","","","","","","","","","","","","","","","","","","","","","","","","","","","","","","","","","1.01218","","1.42644","","1.6299","1.56307","1.96302","","2.20143","2.21868","","","","","","",
"Senegal","SEN","Government expenditure on education as % of GDP (%)","SE.XPD.TOTL.GD.ZS","","","","","","","","","","","","","","","","","","","","","","","","","","","","","","","","","","","","","","","3.2003","3.15144","3.15748","3.29467","3.39194","3.50941","3.85473","5.13696","4.7723","","5.04807","5.53451","5.59998","","","","","",
"Singapore","SGP","Government expenditure on education as % of GDP (%)","SE.XPD.TOTL.GD.ZS","","","","","","","","","","","","3.1115","2.86984","2.49023","2.39011","2.44172","2.69253","2.45105","2.29136","2.24966","2.5603","2.58428","3.26855","3.94905","","","","","3.65584","","","","","","","","","","","","3.32136","3.55138","3.90063","4.00778","3.67701","3.21966","2.86787","2.96336","2.77936","3.03184","3.10836","3.07419","3.11531","2.90507","","",
"Solomon Islands","SLB","Government expenditure on education as % of GDP (%)","SE.XPD.TOTL.GD.ZS","","","","","","","","","","","","3.4","","","","","","","","","","","","","","","","","","","","2.75382","","","","","","","2.24871","","","","","","","","","9.87995","8.79999","8.97326","10.00108","","","","","",
"Sierra Leone","SLE","Government expenditure on education as % of GDP (%)","SE.XPD.TOTL.GD.ZS","","","","","","","","","","","","","","","","","","","","","","","","","","","","","","","","","","","","","","","","","4.94937","3.46767","3.58631","3.29477","3.14475","2.83588","","2.55851","2.41317","2.77814","2.58864","2.67841","2.8817","2.37598","2.72976","",
"El Salvador","SLV","Government expenditure on education as % of GDP (%)","SE.XPD.TOTL.GD.ZS","","","","","","","","","","","","","","","","0.90451","","","","","","","","","","","","","","","","","","","","","","","2.31992","2.31992","2.54708","","2.87054","2.75909","","2.73246","3.01268","3.05447","3.74166","3.96954","3.48668","3.41749","","","","",
"San Marino","SMR","Government expenditure on education as % of GDP (%)","SE.XPD.TOTL.GD.ZS","","","","","","","","","","","","","","","","3.91767","","","","","","4.0159","4.10258","","3.05915","","","","","","3.20449","3.50356","3.92533","3.81647","3.61071","3.37464","3.36902","","","","","","","","","","","","","","2.30937","2.38373","","","","",
"Somalia","SOM","Government expenditure on education as % of GDP (%)","SE.XPD.TOTL.GD.ZS","","","","","","","","","","","","","1.18469","1.27728","","","","","","","","","","","","","","","","","","","","","","","","","","","","","","","","","","","","","","","","","","",
"Serbia","SRB","Government expenditure on education as % of GDP (%)","SE.XPD.TOTL.GD.ZS","","","","","","","","","","","","","","","","","","","","","","","","","","","","","","","","","","","","","","","","","","","","","","","","4.51091","4.70663","4.75188","4.58655","4.49298","4.42658","","","",
"Sub-Saharan Africa (developing only)","SSA","Government expenditure on education as % of GDP (%)","SE.XPD.TOTL.GD.ZS","","","","","","","","","","","","","","","","","","","","","","","","","","","","","","","","","","","","","","","","","","","","","","","","","","","","","","","","",
"South Sudan","SSD","Government expenditure on education as % of GDP (%)","SE.XPD.TOTL.GD.ZS","","","","","","","","","","","","","","","","","","","","","","","","","","","","","","","","","","","","","","","","","","","","","","","","","","","","0.80521","","","","",
"Sub-Saharan Africa (all income levels)","SSF","Government expenditure on education as % of GDP (%)","SE.XPD.TOTL.GD.ZS","","","","","","","","","","","","","","","","","","","","","","","","","","","","","","","","","","","","","","","","","","","","","","","","","","","","","","","","",
"Small states","SST","Government expenditure on education as % of GDP (%)","SE.XPD.TOTL.GD.ZS","","","","","","","","","","","","","","","","","","","","","","","","","","","","","","","","","","","","","","","","","","","","","","","","","","","","","","","","",
"Sao Tome and Principe","STP","Government expenditure on education as % of GDP (%)","SE.XPD.TOTL.GD.ZS","","","","","","","","","","","","","","","","","","","","","","","","","","","","","","","","","","","","","","","","","","","2.73836","3.27162","3.34744","5.37622","4.51109","6.49984","5.69243","10.20764","9.47942","","6.08027","5.79135","3.90599","",
"Suriname","SUR","Government expenditure on education as % of GDP (%)","SE.XPD.TOTL.GD.ZS","","","","","","","","","","","","","","","","","","","","","","","","","","","","","","","","","","","","","","","","","","","","","","","","","","","","","","","","",
"Slovak Republic","SVK","Government expenditure on education as % of GDP (%)","SE.XPD.TOTL.GD.ZS","","","","","","","","","","","","","","","","","","","","","","","","","","","","","","","","","5.37926","4.46812","3.72795","4.31547","4.13969","4.12943","","4.1133","3.87263","3.94239","4.24367","4.21008","4.10176","3.76648","3.72126","3.54054","3.54412","4.02503","4.13874","3.98871","3.93731","","","",
"Slovenia","SVN","Government expenditure on education as % of GDP (%)","SE.XPD.TOTL.GD.ZS","","","","","","","","","","","","","","","","","","","","","","","","","","","","","","","","","","","","4.92382","","","","","","5.75708","5.65512","5.69129","5.63518","5.58241","5.57559","5.10509","5.10609","5.56859","5.56756","5.56985","5.65882","","","",
"Sweden","SWE","Government expenditure on education as % of GDP (%)","SE.XPD.TOTL.GD.ZS","","","","","","","","","","","","","","","","","","","","6.46351","6.63053","6.87818","","","","","","","","","5.28673","5.52166","5.3337","5.58579","","6.2239","6.92501","","7.16734","6.93026","6.81885","6.68601","7.00104","6.85764","6.72268","6.55951","6.41067","6.21507","6.39073","6.85779","6.62199","6.49112","7.65619","","","",
"Swaziland","SWZ","Government expenditure on education as % of GDP (%)","SE.XPD.TOTL.GD.ZS","","","","","","","","","","","","","","","","","3.71435","3.9443","5.79652","6.36428","5.2972","6.58383","6.75364","","","","","5.8022","5.51156","5.66129","5.48457","","","","5.14029","5.65314","4.93816","","","5.09095","5.50848","5.51615","5.07651","6.80507","6.40261","7.42072","8.06158","","7.5187","7.0592","6.96617","8.63695","","","","",
"Sint Maarten (Dutch part)","SXM","Government expenditure on education as % of GDP (%)","SE.XPD.TOTL.GD.ZS","","","","","","","","","","","","","","","","","","","","","","","","","","","","","","","","","","","","","","","","","","","","","","","","","","","","","","","","",
"Seychelles","SYC","Government expenditure on education as % of GDP (%)","SE.XPD.TOTL.GD.ZS","","","","","","","","","","","4.18848","4.06639","4.24694","","4.28333","4.34502","4.74596","","","","","","","","12.02893","10.23305","9.7136","","8.29189","8.22952","","","","","9.02171","7.70369","7.77922","","5.99207","5.261","","","5.19333","5.37493","","","4.77012","","","","","3.60646","","","","",
"Syrian Arab Republic","SYR","Government expenditure on education as % of GDP (%)","SE.XPD.TOTL.GD.ZS","","","","","","","","","","","","","3.58356","3.68991","","3.93451","5.83146","5.71442","5.51426","4.96617","4.57553","5.38393","5.89762","","6.13389","6.07005","5.62293","4.56184","3.61586","4.03414","","","","","","","3.69905","","","","","4.36049","5.04694","6.48084","5.37148","","5.346","4.87197","4.59525","5.13014","","","","","","",
"Turks and Caicos Islands","TCA","Government expenditure on education as % of GDP (%)","SE.XPD.TOTL.GD.ZS","","","","","","","","","","","","","","","","","","","","","","","","","","","","","","","","","","","","","","","","","","","","","","","","","","","","","","","","",
"Chad","TCD","Government expenditure on education as % of GDP (%)","SE.XPD.TOTL.GD.ZS","","","","","","","","","","","","","","","","","","","","","","","","","","","","","","","","","","","","","","2.27335","1.64903","3.22786","2.64671","2.42614","","","1.59295","1.69477","","","","2.31174","1.98194","2.2579","","2.85071","","",
"Togo","TGO","Government expenditure on education as % of GDP (%)","SE.XPD.TOTL.GD.ZS","","","","","","","","","","","2.1138","","","","","","","","","6.67914","","5.88208","","","5.39358","","","4.71763","","","","","5.67514","","","","4.41244","","3.98424","4.18572","4.50842","4.18779","4.01732","4.19533","3.62152","3.4069","3.66374","3.69932","3.43782","4.11576","4.4232","4.43707","4.66829","4.40514","4.83798","",
"Thailand","THA","Government expenditure on education as % of GDP (%)","SE.XPD.TOTL.GD.ZS","","","","","","","","","","","","3.06622","3.02915","2.55425","2.14687","2.38088","3.01672","3.21512","","2.84529","2.57454","2.88314","3.27388","3.46387","3.43722","","3.40798","3.11582","2.75342","2.50243","","3.0886","3.04541","","3.46129","3.16857","3.52053","4.55563","4.7008","4.99186","5.41043","5.01636","4.09107","3.97741","4.3196","4.22818","4.3373","3.83607","3.75055","4.12553","3.75264","5.15515","4.92835","","","",
"Tajikistan","TJK","Government expenditure on education as % of GDP (%)","SE.XPD.TOTL.GD.ZS","","","","","","","","","","","","","","","","","","","","","","","","","","","","","","","","","","8.18558","","2.06598","2.04298","","2.52871","2.07659","2.32863","2.37658","2.7758","2.42263","2.77208","3.51215","3.40348","3.41328","3.45983","4.09831","4.00675","3.93511","4.01803","","","",
"Turkmenistan","TKM","Government expenditure on education as % of GDP (%)","SE.XPD.TOTL.GD.ZS","","","","","","","","","","","","","","","","","","","","","","","","","","","","","","","","","","","","","","","","","","","","","","","","","","","","","3.04925","","","",
"Timor-Leste","TLS","Government expenditure on education as % of GDP (%)","SE.XPD.TOTL.GD.ZS","","","","","","","","","","","","","","","","","","","","","","","","","","","","","","","","","","","","","","","","","","","","","","","","","8.10202","11.46614","10.48715","9.46313","","","7.00852","",
"Tonga","TON","Government expenditure on education as % of GDP (%)","SE.XPD.TOTL.GD.ZS","","","","","","","","","","","","","","","","","","","","","","","","","10.34651","","","","","","","","","","","","","","5.59089","5.46092","4.94077","4.53256","3.79232","4.15218","3.89872","","","","","","","","","","","",
"Trinidad and Tobago","TTO","Government expenditure on education as % of GDP (%)","SE.XPD.TOTL.GD.ZS","","","","","","","","","","","","","","","","","","","","","3.76806","","5.56028","5.73999","5.87461","5.76769","","","","4.1999","3.65408","","","","3.43181","3.55855","3.24877","3.32521","2.43891","2.75612","2.75565","3.06529","3.54301","3.156","","","","","","","","","","","","",
"Tunisia","TUN","Government expenditure on education as % of GDP (%)","SE.XPD.TOTL.GD.ZS","","","","","","","","","","","","","","","","","","","","","5.23516","4.88936","5.28605","5.45763","5.51745","5.53972","5.87949","","","","5.79086","6.02747","5.75489","5.98377","6.17647","6.42976","6.28781","6.67903","","6.27099","6.20198","6.20183","5.79003","6.81673","6.72078","6.45157","6.43859","6.46552","6.27219","6.52848","6.202","","6.22349","","","",
"Turkey","TUR","Government expenditure on education as % of GDP (%)","SE.XPD.TOTL.GD.ZS","","","","","","","","","","","","","","","","","","","4.34774","2.9152","","2.2083","1.75491","2.6476","2.02923","1.73811","1.50957","","","","","","","3.36547","3.42483","2.25111","","","0","2.95752","2.58992","2.71185","2.81861","2.96035","3.11739","","2.86247","","","","","","","","","",
"Tuvalu","TUV","Government expenditure on education as % of GDP (%)","SE.XPD.TOTL.GD.ZS","","","","","","","","","","","","","","","","","","","","","","","","","","","","","","","7.55418","","","","","","","","","","","","","","","","","","","","","","","","","",
"Tanzania","TZA","Government expenditure on education as % of GDP (%)","SE.XPD.TOTL.GD.ZS","","","","","","","","","","","","","","","","","","","","","","","","","","","","","","2.24927","2.13807","","","","","","2.53283","2.45859","2.17591","","","","","","4.65018","4.61078","3.2711","4.0419","4.25245","4.04365","4.62239","","","","3.48143","",
"Uganda","UGA","Government expenditure on education as % of GDP (%)","SE.XPD.TOTL.GD.ZS","","","","","","","","","","","","3.16105","","3.35023","3.39092","3.22103","2.67659","","","","","","2.51552","1.68909","2.42836","3.43196","","","5.10365","","","","","","","","","","","","2.46167","","","","4.95237","","","","","3.25429","2.25446","2.69587","2.7226","2.20093","","",
"Ukraine","UKR","Government expenditure on education as % of GDP (%)","SE.XPD.TOTL.GD.ZS","","","","","","","","","","","4.57293","","","","","","","","","","","","","","","","","","","","","","","","","","","5.45601","4.44884","3.61808","4.16623","4.68049","5.43333","5.60241","5.30832","6.05848","6.20873","6.1512","6.42993","7.31088","","6.16237","6.69233","6.67166","","",
"Upper middle income","UMC","Government expenditure on education as % of GDP (%)","SE.XPD.TOTL.GD.ZS","","","","","","","","","","","","","","","","","","","","","","","","","","","","","","","","","","","","","","","","","","","","","","","","","","","","","","","","",
"Uruguay","URY","Government expenditure on education as % of GDP (%)","SE.XPD.TOTL.GD.ZS","","","","","","","","","","","","","","","","","","","","1.98713","2.15951","","","","2.37339","2.56679","3.10283","","","","","2.47908","2.41153","","2.27172","2.5214","2.86987","","2.24337","","2.42255","2.80096","2.3222","2.06821","2.49954","2.71475","2.88026","","","","","4.35527","","","","",
"United States","USA","Government expenditure on education as % of GDP (%)","SE.XPD.TOTL.GD.ZS","","","","","","","","","","","","","","","","","","","","","","","","","","","4.5867","","4.67741","4.79609","4.81641","4.89907","","","4.8741","4.94153","","","4.81543","4.84934","","5.45786","5.4062","5.56551","5.30923","5.07365","5.38881","5.24649","5.30354","5.24958","5.42001","5.2239","","","","",
"Uzbekistan","UZB","Government expenditure on education as % of GDP (%)","SE.XPD.TOTL.GD.ZS","","","","","","","","","","","","","","","","","","","","","","","","","","","","","","","","","","","","","","","","","","","","","","","","","","","","","","","","",
"St. Vincent and the Grenadines","VCT","Government expenditure on education as % of GDP (%)","SE.XPD.TOTL.GD.ZS","","","","","","","","","","","","","","","","","","","","","","","","","","","5.56681","","","5.41258","","5.84482","","","","","","","4.74102","6.77285","7.91381","","7.80199","8.63783","","6.35081","","5.67432","","5.68978","5.08415","","","","","",
"Venezuela, RB","VEN","Government expenditure on education as % of GDP (%)","SE.XPD.TOTL.GD.ZS","","","","","","","","","","","3.74569","3.71158","4.24637","","3.55505","4.56099","","4.50385","","","3.88187","4.56524","4.4317","5.21235","4.34761","","","4.16009","3.74109","","2.52841","","4.45462","3.94532","5.17319","","","","","","","","","","","","3.66906","3.62732","","6.87468","","","","","","",
"Virgin Islands (U.S.)","VIR","Government expenditure on education as % of GDP (%)","SE.XPD.TOTL.GD.ZS","","","","","","","","","","","","","","","","","","","","","","","","","","","","","","","","","","","","","","","","","","","","","","","","","","","","","","","","",
"Vietnam","VNM","Government expenditure on education as % of GDP (%)","SE.XPD.TOTL.GD.ZS","","","","","","","","","","","","","","","","","","","","","","","","","","","","","","","","","","","","","","","","","","","","","","","","","4.88674","","6.28535","","6.30311","","","",
"Vanuatu","VUT","Government expenditure on education as % of GDP (%)","SE.XPD.TOTL.GD.ZS","","","","","","","","","","","","","","","","","","","","","","","","","","","","","","","","","","","4.38802","","","","7.64082","6.16283","7.00363","8.95115","8.13175","8.44173","","","","","5.78303","5.01287","","","","","","",
"West Bank and Gaza","PSE","Government expenditure on education as % of GDP (%)","SE.XPD.TOTL.GD.ZS","","","","","","","","","","","","","","","","","","","","","","","","","","","","","","","","","","","","","","","","","","","","","","","","","","","","","","","","",
"World","WLD","Government expenditure on education as % of GDP (%)","SE.XPD.TOTL.GD.ZS","","","","","","","","","","","","","","","","","","","","","","","","","","","","","","","","","","","","","","","","","","","","","","","","","","","","","","","","",
"Samoa","WSM","Government expenditure on education as % of GDP (%)","SE.XPD.TOTL.GD.ZS","","","","","","","","","","","","","","","","","","","","","","","","","","","","","","","","","","","","","","","","4.01625","3.58293","3.82629","3.84139","","","","","","5.14421","","","","","","","",
"Yemen, Rep.","YEM","Government expenditure on education as % of GDP (%)","SE.XPD.TOTL.GD.ZS","","","","","","","","","","","","","","","","","","","","","","","","","","","","","","","","","","","","","","","","","9.66163","9.24471","","","","","","","4.5606","","","","","","","",
"South Africa","ZAF","Government expenditure on education as % of GDP (%)","SE.XPD.TOTL.GD.ZS","","","","","","","","","","","","","","","","","","","","","","","","","","","","5.33351","5.46302","5.00923","5.28974","5.91858","","6.06783","5.80609","","5.57576","","","5.87522","5.44358","5.15949","5.06623","4.86485","5.06891","5.06319","5.07257","4.97414","4.86601","5.24869","5.72174","5.96275","6.36892","5.99752","6.05629","",
"Congo, Dem. Rep.","COD","Government expenditure on education as % of GDP (%)","SE.XPD.TOTL.GD.ZS","","","","","","","","","","","","","","","","","","","","","2.26731","2.53505","2.79982","1.29945","0.70414","0.8257","0.7225","0.8612","0.81484","","","","","","","","","","","","","","","","","","","","","","1.60244","","","2.24475","","",
"Zambia","ZMB","Government expenditure on education as % of GDP (%)","SE.XPD.TOTL.GD.ZS","","","","","","","","","","","4.38781","6.09535","5.94579","5.48807","4.87801","6.23854","6.02694","5.69251","4.74075","4.15494","4.12671","4.00072","5.15487","5.38802","4.98856","4.14584","3.33899","2.66226","","","","2.74057","2.0916","1.94208","1.79352","1.83853","","","2.11823","1.77495","1.78819","","","","2.46343","1.73553","","1.24076","1.09972","","","","","","","",
"Zimbabwe","ZWE","Government expenditure on education as % of GDP (%)","SE.XPD.TOTL.GD.ZS","","","","","","","","","","","","","","","","","","","","2.31784","2.54418","3.35154","","4.14548","5.7915","7.41926","","11.64476","12.33729","12.28423","12.45426","","22.32221","","44.33398","","","","","","","","","","","","","","","","1.9661","","","","","",
